INSERT INTO UserMap values('16BLC1000','Vitain');
INSERT INTO UserMap values('16BLC1001','Vitain');
INSERT INTO UserMap values('16BLC1002','Vitain');
INSERT INTO UserMap values('16BLC1003','Vitain');
INSERT INTO UserMap values('16BLC1004','Vitain');
INSERT INTO UserMap values('16BLC1005','Vitain');
INSERT INTO UserMap values('16BLC1006','Vitain');
INSERT INTO UserMap values('16BLC1007','Vitain');
INSERT INTO UserMap values('16BLC1008','Vitain');
INSERT INTO UserMap values('16BLC1009','Vitain');
INSERT INTO UserMap values('16BLC1010','Vitain');
INSERT INTO UserMap values('16BLC1011','Vitain');
INSERT INTO UserMap values('16BLC1012','Vitain');
INSERT INTO UserMap values('16BLC1013','Vitain');
INSERT INTO UserMap values('16BLC1014','Vitain');
INSERT INTO UserMap values('16BLC1015','Vitain');
INSERT INTO UserMap values('16BLC1016','Vitain');
INSERT INTO UserMap values('16BLC1017','Vitain');
INSERT INTO UserMap values('16BLC1018','Vitain');
INSERT INTO UserMap values('16BLC1019','Vitain');
INSERT INTO UserMap values('16BLC1020','Vitain');
INSERT INTO UserMap values('16BLC1021','Vitain');
INSERT INTO UserMap values('16BLC1022','Vitain');
INSERT INTO UserMap values('16BLC1023','Vitain');
INSERT INTO UserMap values('16BLC1024','Vitain');
INSERT INTO UserMap values('16BLC1025','Vitain');
INSERT INTO UserMap values('16BLC1026','Vitain');
INSERT INTO UserMap values('16BLC1027','Vitain');
INSERT INTO UserMap values('16BLC1028','Vitain');
INSERT INTO UserMap values('16BLC1029','Vitain');
INSERT INTO UserMap values('16BLC1030','Vitain');
INSERT INTO UserMap values('16BLC1031','Vitain');
INSERT INTO UserMap values('16BLC1032','Vitain');
INSERT INTO UserMap values('16BLC1033','Vitain');
INSERT INTO UserMap values('16BLC1034','Vitain');
INSERT INTO UserMap values('16BLC1035','Vitain');
INSERT INTO UserMap values('16BLC1036','Vitain');
INSERT INTO UserMap values('16BLC1037','Vitain');
INSERT INTO UserMap values('16BLC1038','Vitain');
INSERT INTO UserMap values('16BLC1039','Vitain');
INSERT INTO UserMap values('16BLC1040','Vitain');
INSERT INTO UserMap values('16BLC1041','Vitain');
INSERT INTO UserMap values('16BLC1042','Vitain');
INSERT INTO UserMap values('16BLC1043','Vitain');
INSERT INTO UserMap values('16BLC1044','Vitain');
INSERT INTO UserMap values('16BLC1045','Vitain');
INSERT INTO UserMap values('16BLC1046','Vitain');
INSERT INTO UserMap values('16BLC1047','Vitain');
INSERT INTO UserMap values('16BLC1048','Vitain');
INSERT INTO UserMap values('16BLC1049','Vitain');
INSERT INTO UserMap values('16BLC1050','Vitain');
INSERT INTO UserMap values('16BLC1051','Vitain');
INSERT INTO UserMap values('16BLC1052','Vitain');
INSERT INTO UserMap values('16BLC1053','Vitain');
INSERT INTO UserMap values('16BLC1054','Vitain');
INSERT INTO UserMap values('16BLC1055','Vitain');
INSERT INTO UserMap values('16BLC1056','Vitain');
INSERT INTO UserMap values('16BLC1057','Vitain');
INSERT INTO UserMap values('16BLC1058','Vitain');
INSERT INTO UserMap values('16BLC1059','Vitain');
INSERT INTO UserMap values('16BLC1060','Vitain');
INSERT INTO UserMap values('16BLC1061','Vitain');
INSERT INTO UserMap values('16BLC1062','Vitain');
INSERT INTO UserMap values('16BLC1063','Vitain');
INSERT INTO UserMap values('16BLC1064','Vitain');
INSERT INTO UserMap values('16BLC1065','Vitain');
INSERT INTO UserMap values('16BLC1066','Vitain');
INSERT INTO UserMap values('16BLC1067','Vitain');
INSERT INTO UserMap values('16BLC1068','Vitain');
INSERT INTO UserMap values('16BLC1069','Vitain');
INSERT INTO UserMap values('16BLC1070','Vitain');
INSERT INTO UserMap values('16BLC1071','Vitain');
INSERT INTO UserMap values('16BLC1072','Vitain');
INSERT INTO UserMap values('16BLC1073','Vitain');
INSERT INTO UserMap values('16BLC1074','Vitain');
INSERT INTO UserMap values('16BLC1075','Vitain');
INSERT INTO UserMap values('16BLC1076','Vitain');
INSERT INTO UserMap values('16BLC1077','Vitain');
INSERT INTO UserMap values('16BLC1078','Vitain');
INSERT INTO UserMap values('16BLC1079','Vitain');
INSERT INTO UserMap values('16BLC1080','Vitain');
INSERT INTO UserMap values('16BLC1081','Vitain');
INSERT INTO UserMap values('16BLC1082','Vitain');
INSERT INTO UserMap values('16BLC1083','Vitain');
INSERT INTO UserMap values('16BLC1084','Vitain');
INSERT INTO UserMap values('16BLC1085','Vitain');
INSERT INTO UserMap values('16BLC1086','Vitain');
INSERT INTO UserMap values('16BLC1087','Vitain');
INSERT INTO UserMap values('16BLC1088','Vitain');
INSERT INTO UserMap values('16BLC1089','Vitain');
INSERT INTO UserMap values('16BLC1090','Vitain');
INSERT INTO UserMap values('16BLC1091','Vitain');
INSERT INTO UserMap values('16BLC1092','Vitain');
INSERT INTO UserMap values('16BLC1093','Vitain');
INSERT INTO UserMap values('16BLC1094','Vitain');
INSERT INTO UserMap values('16BLC1095','Vitain');
INSERT INTO UserMap values('16BLC1096','Vitain');
INSERT INTO UserMap values('16BLC1097','Vitain');
INSERT INTO UserMap values('16BLC1098','Vitain');
INSERT INTO UserMap values('16BLC1099','Vitain');
INSERT INTO UserMap values('16BLC1100','Vitain');
INSERT INTO UserMap values('16BLC1101','Vitain');
INSERT INTO UserMap values('16BLC1102','Vitain');
INSERT INTO UserMap values('16BLC1103','Vitain');
INSERT INTO UserMap values('16BLC1104','Vitain');
INSERT INTO UserMap values('16BLC1105','Vitain');
INSERT INTO UserMap values('16BLC1106','Vitain');
INSERT INTO UserMap values('16BLC1107','Vitain');
INSERT INTO UserMap values('16BLC1108','Vitain');
INSERT INTO UserMap values('16BLC1109','Vitain');
INSERT INTO UserMap values('16BLC1110','Vitain');
INSERT INTO UserMap values('16BLC1111','Vitain');
INSERT INTO UserMap values('16BLC1112','Vitain');
INSERT INTO UserMap values('16BLC1113','Vitain');
INSERT INTO UserMap values('16BLC1114','Vitain');
INSERT INTO UserMap values('16BLC1115','Vitain');
INSERT INTO UserMap values('16BLC1116','Vitain');
INSERT INTO UserMap values('16BLC1117','Vitain');
INSERT INTO UserMap values('16BLC1118','Vitain');
INSERT INTO UserMap values('16BLC1119','Vitain');
INSERT INTO UserMap values('16BLC1120','Vitain');
INSERT INTO UserMap values('16BLC1121','Vitain');
INSERT INTO UserMap values('16BLC1122','Vitain');
INSERT INTO UserMap values('16BLC1123','Vitain');
INSERT INTO UserMap values('16BLC1124','Vitain');
INSERT INTO UserMap values('16BLC1125','Vitain');
INSERT INTO UserMap values('16BLC1126','Vitain');
INSERT INTO UserMap values('16BLC1127','Vitain');
INSERT INTO UserMap values('16BLC1128','Vitain');
INSERT INTO UserMap values('16BLC1129','Vitain');
INSERT INTO UserMap values('16BLC1130','Vitain');
INSERT INTO UserMap values('16BLC1131','Vitain');
INSERT INTO UserMap values('16BLC1132','Vitain');
INSERT INTO UserMap values('16BLC1133','Vitain');
INSERT INTO UserMap values('16BLC1134','Vitain');
INSERT INTO UserMap values('16BLC1135','Vitain');
INSERT INTO UserMap values('16BLC1136','Vitain');

INSERT INTO UserMap values('Vmart11','Merchant');
INSERT INTO UserMap values('Nightm12','Merchant');
INSERT INTO UserMap values('CRCL13','Merchant');
INSERT INTO UserMap values('Pits14','Merchant');
INSERT INTO UserMap values('Gazebo15','Merchant');
INSERT INTO UserMap values('VIT10','Merchant');

INSERT INTO User values('16BLC1000','Tomas','Vivolo','1999-01-26',7550173200,'Tomas@yahoo.com','male',2167);
INSERT INTO User values('16BLC1001','Nelson','Zehnpfennig','1999-01-11',7550173201,'Nelson@gmail.com','male',15432);
INSERT INTO User values('16BLC1002','Francis','Goodpasture','1995-08-01',7550173202,'Francis@yahoo.co.in','male',9752);
INSERT INTO User values('16BLC1003','Nichole','Flocke','1995-04-16',7550173203,'Nichole@yahoo.com','female',10619);
INSERT INTO User values('16BLC1004','Frank','Bessette','1997-11-04',7550173204,'Frank@yahoo.co.in','male',11593);
INSERT INTO User values('16BLC1005','Ngan','Arzu','1999-04-16',7550173205,'Ngan@yahoo.co.in','female',11418);
INSERT INTO User values('16BLC1006','Jarred','Ryce','1999-04-10',7550173206,'Jarred@gmail.co.in','male',18191);
INSERT INTO User values('16BLC1007','Madeleine','Ivanoff','1995-11-10',7550173207,'Madeleine@yahoo.co.in','female',9896);
INSERT INTO User values('16BLC1008','Basil','Kerchner','1997-04-24',7550173208,'Basil@yahoo.co.in','female',10313);
INSERT INTO User values('16BLC1009','Jae','Calderaro','1996-09-01',7550173209,'Jae@gmail.com','female',10702);
INSERT INTO User values('16BLC1010','Lela','Dulin','1999-06-06',7550173210,'Lela@yahoo.com','female',7535);
INSERT INTO User values('16BLC1011','Nubia','Schmidtke','1997-08-03',7550173211,'Nubia@gmail.com','female',8830);
INSERT INTO User values('16BLC1012','Alfred','Seman','1998-04-27',7550173212,'Alfred@gmail.com','male',15240);
INSERT INTO User values('16BLC1013','Yolando','Muhs','1997-06-21',7550173213,'Yolando@gmail.com','male',5036);
INSERT INTO User values('16BLC1014','Kayla','Malvern','1997-01-18',7550173214,'Kayla@yahoo.com','female',8932);
INSERT INTO User values('16BLC1015','David','Falkner','1995-01-02',7550173215,'David@gmail.co.in','male',19204);
INSERT INTO User values('16BLC1016','Deeanna','Ciminera','1998-05-12',7550173216,'Deeanna@yahoo.co.in','female',6099);
INSERT INTO User values('16BLC1017','Yuette','Frosto','1998-07-22',7550173217,'Yuette@yahoo.co.in','female',9371);
INSERT INTO User values('16BLC1018','Chi','Glanton','1999-03-06',7550173218,'Chi@gmail.com','female',6362);
INSERT INTO User values('16BLC1019','Roxane','Puzon','1999-11-22',7550173219,'Roxane@gmail.co.in','female',2019);
INSERT INTO User values('16BLC1020','Cristal','Winnewisser','1999-10-22',7550173220,'Cristal@gmail.com','female',19585);
INSERT INTO User values('16BLC1021','Angie','Aller','1995-10-19',7550173221,'Angie@yahoo.com','female',7607);
INSERT INTO User values('16BLC1022','Dwain','Main','1995-12-18',7550173222,'Dwain@yahoo.com','male',5664);
INSERT INTO User values('16BLC1023','Carolann','Houchin','1998-02-13',7550173223,'Carolann@gmail.com','female',2483);
INSERT INTO User values('16BLC1024','Duncan','Chenette','1995-03-25',7550173224,'Duncan@gmail.co.in','male',11450);
INSERT INTO User values('16BLC1025','Wan','Melody','1997-01-04',7550173225,'Wan@yahoo.com','male',18209);
INSERT INTO User values('16BLC1026','Evangeline','Herlihy','1996-12-17',7550173226,'Evangeline@yahoo.com','male',7604);
INSERT INTO User values('16BLC1027','Freddie','Rodger','1999-07-16',7550173227,'Freddie@gmail.com','male',12228);
INSERT INTO User values('16BLC1028','Lacresha','Kecskes','1999-04-04',7550173228,'Lacresha@gmail.com','female',9253);
INSERT INTO User values('16BLC1029','Pearlene','Bisbee','1998-05-21',7550173229,'Pearlene@gmail.com','female',14412);
INSERT INTO User values('16BLC1030','Mohamed','Bernhard','1998-02-16',7550173230,'Mohamed@yahoo.co.in','male',9064);
INSERT INTO User values('16BLC1031','Ka','Maltais','1997-06-14',7550173231,'Ka@yahoo.co.in','male',3299);
INSERT INTO User values('16BLC1032','Lucy','Nantz','1998-03-06',7550173232,'Lucy@gmail.com','female',13388);
INSERT INTO User values('16BLC1033','Karmen','Hekman','1999-06-06',7550173233,'Karmen@gmail.com','male',15412);
INSERT INTO User values('16BLC1034','Dagmar','Mawhinney','1999-08-10',7550173234,'Dagmar@gmail.com','male',14917);
INSERT INTO User values('16BLC1035','Fletcher','Revak','1997-12-13',7550173235,'Fletcher@yahoo.co.in','female',10577);
INSERT INTO User values('16BLC1036','Donna','Stallion','1996-01-09',7550173236,'Donna@gmail.com','female',2956);
INSERT INTO User values('16BLC1037','Mathilda','Aanderud','1996-01-10',7550173237,'Mathilda@yahoo.co.in','female',19673);
INSERT INTO User values('16BLC1038','Zonia','Olecki','1997-09-13',7550173238,'Zonia@gmail.co.in','female',18693);
INSERT INTO User values('16BLC1039','Cassidy','Lahmers','1997-03-24',7550173239,'Cassidy@yahoo.com','female',17627);
INSERT INTO User values('16BLC1040','Josefina','Perie','1998-04-28',7550173240,'Josefina@yahoo.com','female',14602);
INSERT INTO User values('16BLC1041','Barbra','Stobb','1995-03-03',7550173241,'Barbra@yahoo.com','female',7352);
INSERT INTO User values('16BLC1042','Erin','Akawanzie','1999-02-02',7550173242,'Erin@gmail.com','female',2879);
INSERT INTO User values('16BLC1043','Mozelle','Grimaud','1999-11-22',7550173243,'Mozelle@yahoo.com','female',14445);
INSERT INTO User values('16BLC1044','Tabitha','Dench','1995-06-16',7550173244,'Tabitha@gmail.com','female',13984);
INSERT INTO User values('16BLC1045','Julieta','Kamat','1998-06-01',7550173245,'Julieta@gmail.com','female',8436);
INSERT INTO User values('16BLC1046','Marcelina','Delre','1997-05-23',7550173246,'Marcelina@gmail.co.in','female',2040);
INSERT INTO User values('16BLC1047','Taylor','Goodpaster','1995-10-27',7550173247,'Taylor@yahoo.co.in','female',6391);
INSERT INTO User values('16BLC1048','Nannie','Pucket','1998-05-19',7550173248,'Nannie@gmail.co.in','female',5403);
INSERT INTO User values('16BLC1049','Christen','Cavallaro','1999-04-22',7550173249,'Christen@yahoo.co.in','female',9624);
INSERT INTO User values('16BLC1050','Rosetta','Estanislau','1999-03-01',7550173250,'Rosetta@gmail.com','female',15851);
INSERT INTO User values('16BLC1051','Neida','Serabia','1997-08-25',7550173251,'Neida@gmail.co.in','female',5773);
INSERT INTO User values('16BLC1052','Johnny','Neikirk','1995-06-16',7550173252,'Johnny@gmail.com','male',7433);
INSERT INTO User values('16BLC1053','Garnet','Aragaki','1996-10-17',7550173253,'Garnet@yahoo.co.in','female',10410);
INSERT INTO User values('16BLC1054','Laura','Teagues','1997-01-19',7550173254,'Laura@yahoo.co.in','female',9589);
INSERT INTO User values('16BLC1055','Dominica','Morriss','1995-12-20',7550173255,'Dominica@gmail.co.in','male',19171);
INSERT INTO User values('16BLC1056','Hyman','Borrello','1997-02-10',7550173256,'Hyman@yahoo.com','male',3214);
INSERT INTO User values('16BLC1057','Alene','Erker','1997-03-08',7550173257,'Alene@gmail.co.in','female',5865);
INSERT INTO User values('16BLC1058','Sanjuana','Blancett','1999-09-08',7550173258,'Sanjuana@gmail.com','female',16212);
INSERT INTO User values('16BLC1059','Whitley','Geils','1996-11-11',7550173259,'Whitley@yahoo.co.in','male',4072);
INSERT INTO User values('16BLC1060','Quintin','Elsheimer','1995-05-28',7550173260,'Quintin@gmail.co.in','male',17498);
INSERT INTO User values('16BLC1061','Matthew','Okajima','1995-01-06',7550173261,'Matthew@yahoo.com','male',16457);
INSERT INTO User values('16BLC1062','Albertine','Ferdico','1999-04-04',7550173262,'Albertine@yahoo.com','male',18780);
INSERT INTO User values('16BLC1063','Leatrice','Otteman','1998-01-18',7550173263,'Leatrice@gmail.co.in','male',9339);
INSERT INTO User values('16BLC1064','Danille','Buttel','1997-04-18',7550173264,'Danille@yahoo.com','female',12328);
INSERT INTO User values('16BLC1065','Taunya','Perolta','1996-02-11',7550173265,'Taunya@gmail.com','female',8850);
INSERT INTO User values('16BLC1066','Carrie','Felizardo','1998-11-19',7550173266,'Carrie@gmail.co.in','female',5590);
INSERT INTO User values('16BLC1067','Donette','Helfrick','1998-07-20',7550173267,'Donette@gmail.co.in','male',6312);
INSERT INTO User values('16BLC1068','Niesha','Balon','1996-07-21',7550173268,'Niesha@gmail.co.in','female',5761);
INSERT INTO User values('16BLC1069','Stevie','Lousteau','1999-11-02',7550173269,'Stevie@gmail.co.in','male',5334);
INSERT INTO User values('16BLC1070','Romona','Wieckowski','1996-04-24',7550173270,'Romona@yahoo.co.in','female',18256);
INSERT INTO User values('16BLC1071','Stewart','Mazzuca','1996-05-20',7550173271,'Stewart@yahoo.co.in','male',9938);
INSERT INTO User values('16BLC1072','Santa','Pienta','1999-10-03',7550173272,'Santa@yahoo.co.in','male',9108);
INSERT INTO User values('16BLC1073','Lessie','Mcdaniel','1997-04-22',7550173273,'Lessie@gmail.com','female',16535);
INSERT INTO User values('16BLC1074','Ethelene','Conville','1997-09-23',7550173274,'Ethelene@gmail.com','female',9575);
INSERT INTO User values('16BLC1075','Evon','Lassa','1995-09-04',7550173275,'Evon@gmail.com','male',15653);
INSERT INTO User values('16BLC1076','Rosalva','Earthman','1997-12-18',7550173276,'Rosalva@yahoo.co.in','female',15385);
INSERT INTO User values('16BLC1077','Shyla','Lucio','1996-02-09',7550173277,'Shyla@gmail.co.in','female',7994);
INSERT INTO User values('16BLC1078','Isis','Colomb','1998-08-04',7550173278,'Isis@yahoo.com','female',15856);
INSERT INTO User values('16BLC1079','Linsey','Uxa','1996-05-12',7550173279,'Linsey@yahoo.com','female',2206);
INSERT INTO User values('16BLC1080','Tyesha','Brabble','1995-05-14',7550173280,'Tyesha@yahoo.com','female',18498);
INSERT INTO User values('16BLC1081','Ester','Calzada','1998-11-21',7550173281,'Ester@yahoo.co.in','male',11482);
INSERT INTO User values('16BLC1082','Classie','Binstock','1997-06-26',7550173282,'Classie@yahoo.com','female',8512);
INSERT INTO User values('16BLC1083','Aundrea','Fernholz','1997-11-27',7550173283,'Aundrea@gmail.co.in','female',5029);
INSERT INTO User values('16BLC1084','Beverlee','Lusane','1996-03-26',7550173284,'Beverlee@gmail.com','female',18967);
INSERT INTO User values('16BLC1085','Genevie','Noia','1996-07-22',7550173285,'Genevie@gmail.com','female',9301);
INSERT INTO User values('16BLC1086','Kristofer','Ortega','1996-06-25',7550173286,'Kristofer@gmail.co.in','male',3682);
INSERT INTO User values('16BLC1087','Edmond','Rittinger','1995-12-08',7550173287,'Edmond@gmail.com','female',14600);
INSERT INTO User values('16BLC1088','Jamel','Jenkinson','1997-01-04',7550173288,'Jamel@gmail.com','female',6780);
INSERT INTO User values('16BLC1089','Avinash','Singh','1997-09-26',7550118779,'avi45133@gmail.com','male',19000);
INSERT INTO User values('16BLC1090','Devashish','Bhojwani','1998-11-29',7550173217,'devashish@gmail.com','male',78);
INSERT INTO User values('16BLC1091','Maria','Roskop','1995-01-18',7550173291,'Maria@gmail.co.in','female',14973);
INSERT INTO User values('16BLC1092','Candice','Dabney','1996-11-28',7550173292,'Candice@gmail.co.in','male',4790);
INSERT INTO User values('16BLC1093','Bennie','Zarn','1995-05-02',7550173293,'Bennie@yahoo.com','male',4322);
INSERT INTO User values('16BLC1094','Adela','Pullan','1999-08-02',7550173294,'Adela@yahoo.com','male',8877);
INSERT INTO User values('16BLC1095','Makeda','Bown','1995-06-27',7550173295,'Makeda@gmail.co.in','male',19668);
INSERT INTO User values('16BLC1096','Dolly','Rodrigez','1997-02-01',7550173296,'Dolly@gmail.co.in','female',13887);
INSERT INTO User values('16BLC1097','Madonna','Rarick','1996-07-02',7550173297,'Madonna@gmail.co.in','female',6851);
INSERT INTO User values('16BLC1098','Youlanda','Stiner','1995-12-03',7550173298,'Youlanda@gmail.com','female',11667);
INSERT INTO User values('16BLC1099','Corrin','Jiran','1997-01-22',7550173299,'Corrin@gmail.com','male',11102);
INSERT INTO User values('16BLC1100','Mudit','Kapoor','1998-09-04',7550170480,'kapsmidut@gmail.com','male',15639);
INSERT INTO User values('16BLC1101','Dusti','Farrah','1996-01-20',7550173301,'Dusti@yahoo.co.in','female',11861);
INSERT INTO User values('16BLC1102','Jermaine','Horsley','1995-07-04',7550173302,'Jermaine@yahoo.co.in','female',11475);
INSERT INTO User values('16BLC1103','Maris','Jurasek','1998-09-02',7550173303,'Maris@gmail.co.in','female',17639);
INSERT INTO User values('16BLC1104','Vanda','Nossett','1996-05-14',7550173304,'Vanda@yahoo.com','female',14194);
INSERT INTO User values('16BLC1105','Alba','Christians','1998-10-20',7550173305,'Alba@gmail.co.in','female',16919);
INSERT INTO User values('16BLC1106','Shaunte','Korshak','1996-09-23',7550173306,'Shaunte@gmail.com','male',15359);
INSERT INTO User values('16BLC1107','Rashida','Hackbart','1999-02-10',7550173307,'Rashida@gmail.com','female',19483);
INSERT INTO User values('16BLC1108','Columbus','Sheffo','1995-01-19',7550173308,'Columbus@yahoo.co.in','male',7481);
INSERT INTO User values('16BLC1109','Hui','Destephen','1997-10-07',7550173309,'Hui@gmail.co.in','female',9044);
INSERT INTO User values('16BLC1110','Holly','Parbol','1998-10-27',7550173310,'Holly@yahoo.co.in','female',11248);
INSERT INTO User values('16BLC1111','Bok','Lampley','1999-06-26',7550173311,'Bok@yahoo.co.in','male',7298);
INSERT INTO User values('16BLC1112','So','Eckloff','1995-08-15',7550173312,'So@yahoo.com','female',5990);
INSERT INTO User values('16BLC1113','Ronnie','Birkline','1995-12-05',7550173313,'Ronnie@gmail.co.in','male',13557);
INSERT INTO User values('16BLC1114','Catheryn','Ruffin','1999-12-07',7550173314,'Catheryn@yahoo.com','female',17196);
INSERT INTO User values('16BLC1115','Kendal','Staunton','1995-12-09',7550173315,'Kendal@yahoo.co.in','female',8015);
INSERT INTO User values('16BLC1116','Lucille','Strop','1999-06-13',7550173316,'Lucille@yahoo.co.in','female',6555);
INSERT INTO User values('16BLC1117','Guadalupe','Tille','1996-11-02',7550173317,'Guadalupe@gmail.com','female',16207);
INSERT INTO User values('16BLC1118','Lee','Navappo','1998-09-11',7550173318,'Lee@yahoo.com','female',4490);
INSERT INTO User values('16BLC1119','Fanny','Heer','1995-11-05',7550173319,'Fanny@gmail.co.in','female',13330);
INSERT INTO User values('16BLC1120','Alyse','Helveston','1998-09-11',7550173320,'Alyse@gmail.co.in','female',17626);
INSERT INTO User values('16BLC1121','Laveta','Talent','1997-03-08',7550173321,'Laveta@gmail.co.in','female',15140);
INSERT INTO User values('16BLC1122','Logan','Stoeberl','1996-08-23',7550173322,'Logan@gmail.co.in','male',7169);
INSERT INTO User values('16BLC1123','Clayton','Scowden','1997-07-19',7550173323,'Clayton@gmail.co.in','female',16326);
INSERT INTO User values('16BLC1124','Mae','Prager','1995-12-23',7550173324,'Mae@yahoo.com','female',11316);
INSERT INTO User values('16BLC1125','Ryan','Swiat','1996-12-11',7550173325,'Ryan@gmail.com','female',13954);
INSERT INTO User values('16BLC1126','Raphael','Almarez','1997-03-07',7550173326,'Raphael@gmail.co.in','female',8673);
INSERT INTO User values('16BLC1127','Ron','Roberson','1997-01-11',7550173327,'Ron@yahoo.co.in','male',6915);
INSERT INTO User values('16BLC1128','Lora','Kromm','1996-10-16',7550173328,'Lora@gmail.co.in','female',7058);
INSERT INTO User values('16BLC1129','Violeta','Elwell','1995-08-02',7550173329,'Violeta@gmail.co.in','female',2813);
INSERT INTO User values('16BLC1130','Lakesha','Rusk','1996-11-13',7550173330,'Lakesha@gmail.com','male',13592);
INSERT INTO User values('16BLC1131','Gennie','Halmstead','1996-07-08',7550173331,'Gennie@gmail.co.in','female',6730);
INSERT INTO User values('16BLC1132','Georgene','Danks','1997-11-01',7550173332,'Georgene@yahoo.co.in','female',14814);
INSERT INTO User values('16BLC1133','Herman','Vanhoff','1997-11-11',7550173333,'Herman@yahoo.com','male',11653);
INSERT INTO User values('16BLC1134','Al','Turnipseed','1998-04-20',7550173334,'Al@yahoo.com','female',11450);
INSERT INTO User values('16BLC1135','Ruthann','Knower','1999-02-21',7550173335,'Ruthann@gmail.com','female',9263);
INSERT INTO User values('16BLC1136','Lindsey','Farwick','1997-03-02',7550173336,'Lindsey@yahoo.com','female',15918);


INSERT INTO Merchant values('Vmart11','Vmart',10000);
INSERT INTO Merchant values('Nightm12','Night-Mess',10000);
INSERT INTO Merchant values('CRCL13','CRCL',10000);
INSERT INTO Merchant values('Pits14','Pitstop',10000);
INSERT INTO Merchant values('Gazebo15','Gazebo',10000);
INSERT INTO Merchant values('VIT10','VIT',1000000);




INSERT INTO UserLogin values('16BLC1000','$2y$10$cME67YRcXs9Ub1QKR6inuOR4M2qLs6jpz7LwLnGa3GUTJOdIOMotK');
INSERT INTO UserLogin values('16BLC1001','$2y$10$T2jcPCg/2a2x2Oc0aFlWYuMtCmfsCdVY4xx6BN2zEq.cQL1Abc1tW');
INSERT INTO UserLogin values('16BLC1002','$2y$10$kb717EMndG6DA/qErKNmD.DGVVfUmAOsNjdEFCQHCZ/LbxghIeSxe');
INSERT INTO UserLogin values('16BLC1003','$2y$10$U2hYopM/8DKarTiMMt/BMulk7JdKlnA0xXvGqAuF/hpcNT2WdJPlO');
INSERT INTO UserLogin values('16BLC1004','$2y$10$wtyfDHWk24a7hyB.lJQG1OYIiADZ3m/dEvhpZNCLNaZFEBSi1vY9q');
INSERT INTO UserLogin values('16BLC1005','$2y$10$PKoAoI7uxM07GrksWKKMrOik0ndFsgi1fE.6aHEuxVvBmiAW0zQX6');
INSERT INTO UserLogin values('16BLC1006','$2y$10$VrpZoBuReuOl6rrGq1O0g.bqTwUshtHz54JrMkgZUWU4fSMz2g.LG');
INSERT INTO UserLogin values('16BLC1007','$2y$10$6bZIrSGS5DVmBbddPe9GSuo6CL2Oi57J1MlGa9ScqoFhnEMUEfrSi');
INSERT INTO UserLogin values('16BLC1008','$2y$10$bOuZ03bzcGj4qQXR3I55fepElkOtOcT4jqw6n0.K8IEwpzDYgMpO6');
INSERT INTO UserLogin values('16BLC1009','$2y$10$YTaVYEwJN0K1DqcwFXEn7u/ZtC1KN32F/0cToGpyExjarfN4l3heS');
INSERT INTO UserLogin values('16BLC1010','$2y$10$9/yZfootKVhRtwoKOBPinu0wQrjOj8IpK00Q7QATljz2jvUGiC8ke');
INSERT INTO UserLogin values('16BLC1011','$2y$10$Xw.lRRieHTeOrIdx9oDQvuKmAwb17U9iRFyV//jjimeEp0W61IUHm');
INSERT INTO UserLogin values('16BLC1012','$2y$10$N/CjHBjGutCkqFRAvDZ2xeCxQuQFObtXvvia0f1VcIuaou2ierT6y');
INSERT INTO UserLogin values('16BLC1013','$2y$10$ZBmz86C4r9Vi1uweGYt4cOjl/jxNg0dz9OKeYNmLdJFpsC3Xowmma');
INSERT INTO UserLogin values('16BLC1014','$2y$10$OqizoTv2crLImBtmb5./Xecv98mInQXjse9BEC/U9xIZ1x1YXjTNW');
INSERT INTO UserLogin values('16BLC1015','$2y$10$xrvR4UcRrJxHm380O4LtZ.SejXBcnSZq4ggsQ9OQpMVfxcnuODmTa');
INSERT INTO UserLogin values('16BLC1016','$2y$10$muaoThd89ziLdo33t69K5.qkYWZ2hwfJ/1PA5jx7/zX19MhFccYKC');
INSERT INTO UserLogin values('16BLC1017','$2y$10$Oo8cXZ1HzSMQDjxMyAk6UOWDP/yTCHNXpT61/TFNwdIekyUaz0lPO');
INSERT INTO UserLogin values('16BLC1018','$2y$10$ptRlYUsDGSaLG7uTlopdlOZSsUX.cEB/i6rh9oHUvh6UKf/DgmCUC');
INSERT INTO UserLogin values('16BLC1019','$2y$10$c82ID4l7Y5Z6fbl4yScbWe5ITVO.6D7XoQs/Xvkdpp2dfDlT5Gx/S');
INSERT INTO UserLogin values('16BLC1020','$2y$10$6sKcEdJoHOYNI8JZ5i1GyeDqjrqtPdbtBhXqkhC/lhJuRdVv3Q6lK');
INSERT INTO UserLogin values('16BLC1021','$2y$10$a2Kb59XUreNeR1mjYpqzBeZk5D0QRepTCZR5bLYLGrYt1NYbnYGCq');
INSERT INTO UserLogin values('16BLC1022','$2y$10$qNGAK4AikO2SIY//ZLlxg.6JCoqVDwa.hvyYXZQqY2U4V8Tozztaa');
INSERT INTO UserLogin values('16BLC1023','$2y$10$KxLSyq6d/oIqyoPwlblERePoqr83CPsMfN6.zYPMDwFGm3Isgcty.');
INSERT INTO UserLogin values('16BLC1024','$2y$10$0NtLzlw8966XjOhCz6N6vOdVzgEYVJKdpilOTlDCAxacEEbOYnWlW');
INSERT INTO UserLogin values('16BLC1025','$2y$10$Bk35rG5CqpJsIHLj9w8jE.nSmxTr8F52PvogMSBbxG9YuHgKLfyLW');
INSERT INTO UserLogin values('16BLC1026','$2y$10$QyLhdIAdw17cm/TitpB5xOCtH7nSDujbvBBprYpv6iFVOGTeBueWu');
INSERT INTO UserLogin values('16BLC1027','$2y$10$IvQT8p6KFM6rxMLGiKbE5OX5X7pPEooCku4o.uwz9a76xCpMzqiG6');
INSERT INTO UserLogin values('16BLC1028','$2y$10$/jV.t6G7KLkTDLDKe.ZB5eJFVcTjviTKg2NF4cGKh.fTE.jNbRMli');
INSERT INTO UserLogin values('16BLC1029','$2y$10$/DwEpXHnWnSkaAOX8FG.cO1mK1nysXpkIx0Wt2YiBx4mkh2wHdmrS');
INSERT INTO UserLogin values('16BLC1030','$2y$10$//TzLNJxxVCIYhmWFTrbEeHNcY.cvSVJ121dz8Yb9vFYZs1zFQpz6');
INSERT INTO UserLogin values('16BLC1031','$2y$10$fSwwF8xmYCCnbtStJUWo3u./sAvfLYSBx5nwqo8IzWQasvF0w9f/i');
INSERT INTO UserLogin values('16BLC1032','$2y$10$l84DMBEpyyGzzH9P4xAwkOQP/Pqp9feJIgBg5mi6t9h0E4G67kv7S');
INSERT INTO UserLogin values('16BLC1033','$2y$10$vp6G.7nBxZgcX/mTLzVN/O3namktZO1iFEndsW2tVe/NifiDibVj6');
INSERT INTO UserLogin values('16BLC1034','$2y$10$GjKvVzPk0987k7NU9kKaVONHUpqhk4DA.Tj4p7WO20IEbi9yMhSmW');
INSERT INTO UserLogin values('16BLC1035','$2y$10$mlyUDwhPKola6JqDfc7DeuHNwWp3rCkAC6uzadCDfnjuYqqLTmHxG');
INSERT INTO UserLogin values('16BLC1036','$2y$10$ubocFPvqSM0QzG01Grd3yOVqVj/PQoD0A9dX0p4rZUz8nCexu49vW');
INSERT INTO UserLogin values('16BLC1037','$2y$10$DcLoRqXryVDxmkrpHn1fWOVRNWGrEJiM5ggklC199A6sRLPkJcgsO');
INSERT INTO UserLogin values('16BLC1038','$2y$10$9VRiTo0hlgUQfeuxoZnECeknKgx7UWzM9Ii4WBDND3tmw.7EgYWe.');
INSERT INTO UserLogin values('16BLC1039','$2y$10$u1Fpqq/rM8qaDxA8KEPn0u1Sn/rpPegaeD8wiuKlx2MWcXBy0OtUK');
INSERT INTO UserLogin values('16BLC1040','$2y$10$zCnHld4RvCw6EAWQILsAlevMCn9zU.Mlz2oR8PtijyDTBCD3vJn5e');
INSERT INTO UserLogin values('16BLC1041','$2y$10$Ob/N0Tj7kdfhUA7Hrqm57OqE/ciEWxd0zbci0ZKnsf4tsdvyAwwae');
INSERT INTO UserLogin values('16BLC1042','$2y$10$XjepBeVVGhhDN/gx02KG.OTzUKr7fMmg.HepM5TUWXAIuOND4Zpse');
INSERT INTO UserLogin values('16BLC1043','$2y$10$sKdbyVaA/E.q50vZA2v.sOQCSj4HeNAHryDXMv3C1Trei6QRbSwbC');
INSERT INTO UserLogin values('16BLC1044','$2y$10$7.myFUJc1FcMgYButKPez.Olb8zVIURdWhAssNc/UjrzffD0wbXuC');
INSERT INTO UserLogin values('16BLC1045','$2y$10$EAfMxGRe.M6332C2C7aWcOzFYI6Mqsog/Wu4IxL8rOBS1BmRjxrm2');
INSERT INTO UserLogin values('16BLC1046','$2y$10$BWNF5Y1TQF4u.4TSnqMaaOQMptcCW6StrPlwytNcuWGnPzQP/UF7q');
INSERT INTO UserLogin values('16BLC1047','$2y$10$4gbmdLP62jUeraZL94FKyusHnj1wpdI/ivHXDHIDhTwG8pDHoZvAu');
INSERT INTO UserLogin values('16BLC1048','$2y$10$l/9nlRYUKL9P9GqLcZrW1OpWfW7bwub2KWgbY8.ubt2Mhu1vJL6EG');
INSERT INTO UserLogin values('16BLC1049','$2y$10$N3cpC2UJIV7JMklF1/IAiOx4Dxty6UOX.p/6/QYpItxWr8ipWYmQS');
INSERT INTO UserLogin values('16BLC1050','$2y$10$K7xYbNHSMv8LazREwKAEyeKOEiDxoO7rBjFAMb1NOcuSKEQoKU9ty');
INSERT INTO UserLogin values('16BLC1051','$2y$10$ZgZ5iVQXVe.DHWYB7gzHQu/XEnnOKmXhgVAfb/DWhezbgoP8KFkH.');
INSERT INTO UserLogin values('16BLC1052','$2y$10$bDeWQNFgjXIAqbEhAgori.xpoihPzoX0kpPz4CvHGkf9UDC9gNkPm');
INSERT INTO UserLogin values('16BLC1053','$2y$10$SImnk3f4oAHwIhC2pwG25e7sa/jRsfokwEBpXEztpg1bpJEJSuF/6');
INSERT INTO UserLogin values('16BLC1054','$2y$10$s6JY56314DfXNqMMeVTjk.GakogdIJCv0PX4Tz3c1xlWy0j1tQ3zC');
INSERT INTO UserLogin values('16BLC1055','$2y$10$QcotzcbLUS13nJWnuYZ9leRsgY.oWMIe6/n681rCVziOrHIar2osC');
INSERT INTO UserLogin values('16BLC1056','$2y$10$yVfSlh/hm/GBnw4/eeRABOR2Y6lXcLLpSJM3n41aU88SFvCXKcJoG');
INSERT INTO UserLogin values('16BLC1057','$2y$10$NFco3A/ohj9CR1UzvzhXa.AdqrRbnGaImHdo/lG8cEvpH66b9NQbi');
INSERT INTO UserLogin values('16BLC1058','$2y$10$D4detz.6NrYkwKlVKe8nZ.wurcs9ZKtDS36JPogUHZ1Tjz4F..8cq');
INSERT INTO UserLogin values('16BLC1059','$2y$10$tnkeaHoxKqnp3ODxp7okxeIIEW/7rxibbeh0hwHuaNqPCnmKumiwW');
INSERT INTO UserLogin values('16BLC1060','$2y$10$spuJ18OQAsBvT7u747DSVO.dZAABf/4IoajnwFyW3u0Vsk3Go95Me');
INSERT INTO UserLogin values('16BLC1061','$2y$10$SPweJg5051gfHDa9M44i3e7JyBUyFoGpgBnGYBKcx1LL/xV/SPJ36');
INSERT INTO UserLogin values('16BLC1062','$2y$10$Msar7H78vIE0JeXLBxavN.LZgLDxJp7wyc.KMNgSLbcLDXy7xfnoS');
INSERT INTO UserLogin values('16BLC1063','$2y$10$/8DgdVTEqTT7EokIioMZFewMRrhztwswhPq3Az4tw5zyeX5S2BRES');
INSERT INTO UserLogin values('16BLC1064','$2y$10$AaBhK0sMIiyx/XL25rA4UejIZkhCYlf8Ai9fQNN6KgCwtPEVcE55q');
INSERT INTO UserLogin values('16BLC1065','$2y$10$VZrMxICXZZWOwgkpOxjWve1kCfuC6MyFoyXWt1.hQYtwMclBQY2aO');
INSERT INTO UserLogin values('16BLC1066','$2y$10$DSHUGSkFPJAbNU5E1TseguWF5Vu/bgmT7XpgqJMfsfZwO2pvKetvq');
INSERT INTO UserLogin values('16BLC1067','$2y$10$z1XIcHzdt0XUnFMbmLlbP.wy2XBen3PvKCfQuVHo1S4SBVfsLhqNa');
INSERT INTO UserLogin values('16BLC1068','$2y$10$o0XwGKxF2z9ng8ZvYozx0OqWuAQTknoLLik7dA8CRyI8aHiAslCN2');
INSERT INTO UserLogin values('16BLC1069','$2y$10$jj24JVxcI1axjKP4ZXzV3.23Daew7dHixw1h7UpgkkbxA9lPSpPje');
INSERT INTO UserLogin values('16BLC1070','$2y$10$9awhQ/oP7mIYN/C6T8RkN.NOFmCokHISk63VMxJvNMos2dIgMoS1W');
INSERT INTO UserLogin values('16BLC1071','$2y$10$2O2HZVKNf72WDKckzIWbVeQNetbaO1XIUXdfjSHMMQKuDr3LGyCjy');
INSERT INTO UserLogin values('16BLC1072','$2y$10$an2Q3Djsp.5jxI6/9KuUweWueLhadKjqhaeEucnwBvCGvyORtIXZ.');
INSERT INTO UserLogin values('16BLC1073','$2y$10$LNO5lLg5ZWPCwBBtV18r0OLIO70gIwhCWZ.65ilj8Ce1uMk9xOWZu');
INSERT INTO UserLogin values('16BLC1074','$2y$10$ukNEuMitDAoGQ/01OVkh8.DhJAMUzDoVY6L6b/CqSVNJq0QwJtwtS');
INSERT INTO UserLogin values('16BLC1075','$2y$10$IahpfDKA0ssKv.odR.Sipuual2oHnMq0PRCg5rg3w0LDjRs6mD.HG');
INSERT INTO UserLogin values('16BLC1076','$2y$10$RGjMh7bZ.MeEy9KXNck7N.Vafaf33iHlO/i3OVp5I00lZHP703lPW');
INSERT INTO UserLogin values('16BLC1077','$2y$10$C2b4YjxgaGmjoyeBm6/g6eWGIHjmlN/tZMNvJyp0Z7lIy2sPsl45.');
INSERT INTO UserLogin values('16BLC1078','$2y$10$UtXQ/DkH6wk9UShgeKX74uHl/ycfoWjkoq/8LPeF9g8dkRJGQHw3i');
INSERT INTO UserLogin values('16BLC1079','$2y$10$SwIwjBi23KYJEzf1ZabJpe3ZR6jmuHI4NZ4Ltbajtf1Qa1mHrXPCO');
INSERT INTO UserLogin values('16BLC1080','$2y$10$KEZVutjZPK0Nk/hQJ5htMuKKJHk2f76cuTx6BUfqdQkxdC5j6txam');
INSERT INTO UserLogin values('16BLC1081','$2y$10$BFEKFFiXbxJnhrBvLt7iReTwRDDgp3hUL7SXVWGPjDr87/Mhh.R1i');
INSERT INTO UserLogin values('16BLC1082','$2y$10$UW/BzBXOmQefVBOifeDGWuZNzMT6jssXL/HWTh1YdDZ2HGRs7.n6.');
INSERT INTO UserLogin values('16BLC1083','$2y$10$xOB6S79KSYCNtfkEFDG78OjFdOvSBRb89AhJ1Ep6dMKxLoowifmja');
INSERT INTO UserLogin values('16BLC1084','$2y$10$zVE0AY//nMTWWbRYt/wyHeoaG.PcW6YGA8JhjvcmeNCv0UohiGE1C');
INSERT INTO UserLogin values('16BLC1085','$2y$10$2bfyCmniSI/fVIlG34VMfOrywX1S5l6SP2TSiy29MxHvoTn.Inkz6');
INSERT INTO UserLogin values('16BLC1086','$2y$10$/VQeaOTe76c46rd4uDXhruCalspF3/.bjNvtXbYa9CsIiMAr0A9F2');
INSERT INTO UserLogin values('16BLC1087','$2y$10$dIoMnXFRRNsPQ7NA1crwBuYpQE7UK3mpwE6NkQqSbM9JlAc5Mc.nO');
INSERT INTO UserLogin values('16BLC1088','$2y$10$nApVXg58SRkEbOausAcngevgXjMxIlk26Mj7pfWvKJ/iQc7LzlDpa');
INSERT INTO UserLogin values('16BLC1089','$2y$10$jqxnoem/IZs4a7B8LIMYZO4gv.Zc.Prukl5oB37kolUjLCaabA8jy');
INSERT INTO UserLogin values('16BLC1090','$2y$10$R/DeqU0UXAjZXOx/4fOy7eeiHS5vjzLhnllQoM.FAfdVNetRT/aeC');
INSERT INTO UserLogin values('16BLC1091','$2y$10$lJQ0sLn4CMLj3KL2WQ/a8.GMmi3Y/zOlBSx4t4PdkRJh2X88oAyE.');
INSERT INTO UserLogin values('16BLC1092','$2y$10$bM/OXSpRRrH/oczq7RzSAeUOxQLz7LN4DlJGf21oH6H6b3shIIk3.');
INSERT INTO UserLogin values('16BLC1093','$2y$10$5soigju.ExnaT0e24tk6.OX7yoG.inBbtkrjPVwWR9iSv4zWdkbaC');
INSERT INTO UserLogin values('16BLC1094','$2y$10$HHjjjvajxFdc9PHrb7OA5u6F/0d9/tiCLiBoKy3.eDxZJ9RPeB7Wy');
INSERT INTO UserLogin values('16BLC1095','$2y$10$gSj80xoplbyP6Q2BBjyW3eUoajKiyqdwnPptjfwEnnKakydKh63WG');
INSERT INTO UserLogin values('16BLC1096','$2y$10$V6bxOf.LuVQntPfZyy3mOOzGJw5OHtHWFXBJqKBCXwRWC5DMwdyyq');
INSERT INTO UserLogin values('16BLC1097','$2y$10$MumiXp7wEfMySe1sW0YrW.hwG43XfXvyoO22Z4j68W2y1rTxWsYCW');
INSERT INTO UserLogin values('16BLC1098','$2y$10$g3tOmUlTVwo.srlwcYhpw.Tgw9AmG2qVXwM5utKu6AXEQZQoF.LAW');
INSERT INTO UserLogin values('16BLC1099','$2y$10$GZmfp0dtnwz4LJdZxjFVzORZViGWgeyWyiOuokLowF8a333W1mXRS');
INSERT INTO UserLogin values('16BLC1100','$2y$10$NDg4cKP4p9Xb8lEECmNynehT9Z2018lhaJDLxa6WLRGTt8I0QTGjO');
INSERT INTO UserLogin values('16BLC1101','$2y$10$YkunMMpV1qJlDvie6i3OH.8D6HU484lOMuSZx9nOLPUEeyj4Bkuly');
INSERT INTO UserLogin values('16BLC1102','$2y$10$FnZ/WUO5gl52yNJkBNIjJezoPVuoNQvsTMhv3JIrh3OKsPTY1K0LG');
INSERT INTO UserLogin values('16BLC1103','$2y$10$Pl2Qne/edhpDWLRJp54klOsRTa/MdeM/Gj8QFRn5sISN2FqI9ZnlO');
INSERT INTO UserLogin values('16BLC1104','$2y$10$ZuML6w8KISPHESn4qDrQBeJWqnGr3VOnS78MiZxewYqQjd4p92ltq');
INSERT INTO UserLogin values('16BLC1105','$2y$10$utfQD8Ijmw5F.5nZfVqp1ufIpc2J7Fo3MJSrRWzMmRJBaMW2nga4G');
INSERT INTO UserLogin values('16BLC1106','$2y$10$bQmUfnZoTezKtBWDZcSZ2eSLJGoszC1Gk8/PktJrEdcmxvS9saFyG');
INSERT INTO UserLogin values('16BLC1107','$2y$10$asY18K0OSCoGCuAbrIL.4.31hqJpFAJbU01P/7.u.Ki2HYcWuLqHi');
INSERT INTO UserLogin values('16BLC1108','$2y$10$1BwWS.9gBGK4xn9uexnT1.s3LK5GhSXWOx1iK786jUhI0qRiA3itG');
INSERT INTO UserLogin values('16BLC1109','$2y$10$vNOX9OJE/wPZxz84amtSguwBO0AeiKLc.5ZureruoWE5pUC7VmP6W');
INSERT INTO UserLogin values('16BLC1110','$2y$10$up3KYcri2QdKHWgZxSUyseixdyC/GhmYyjwer1f0yh5YgsXiXBgMC');
INSERT INTO UserLogin values('16BLC1111','$2y$10$hlB5VIDGiMRv4Lu3w1JoqODcxVTlSgbYgtiJt2IVgM8iaNEOTc49u');
INSERT INTO UserLogin values('16BLC1112','$2y$10$pnIhSFNTccmou6eIz28.R.icwrKfMzumTy7XLLthaQuOkmGz1P.4G');
INSERT INTO UserLogin values('16BLC1113','$2y$10$jvLWcBk./mUhDSy4YVDjaeUdJ2RyAWjSu3XKIr4mezYoVjUHON9gi');
INSERT INTO UserLogin values('16BLC1114','$2y$10$u8zfPUhbD82Lqi/htPnErObsnLA0ClGLyCnFciqAwV8ow47v8MHyq');
INSERT INTO UserLogin values('16BLC1115','$2y$10$V1Vd.xBf1V7vf1X2MV0xaOrz/mTN2y2V6uUS/505MW/UeQl1hX8aS');
INSERT INTO UserLogin values('16BLC1116','$2y$10$oS1z2ozXbOuJ4bTNE368P.n6XdCvddZ/zXp2YUDU5rOYDADYjXvMm');
INSERT INTO UserLogin values('16BLC1117','$2y$10$/ii9K9Lbwg06X9KBuQ8OjeV2l5/UpV2CWqrGDJPqIZ/hicwYumrm6');
INSERT INTO UserLogin values('16BLC1118','$2y$10$1a2igMGSnFNG1knh2zMGd.8c4H9NV4ef3DjAKF6sGSUKTBQOBvuZS');
INSERT INTO UserLogin values('16BLC1119','$2y$10$Y.n5Bbe6ibvjSZcszEo0s.CbND159.BhbnxrDWBA0QiiYq/E97ZuK');
INSERT INTO UserLogin values('16BLC1120','$2y$10$3UF6zZrcPwIIEtriApTW/..kNQy90rm.zh5MbpvPqUQwTU9N/Bv/S');
INSERT INTO UserLogin values('16BLC1121','$2y$10$2ybMoCeszYVCBXCW35CVJOspKO11Amj732RSCFatgoUXEN.kFgJm6');
INSERT INTO UserLogin values('16BLC1122','$2y$10$QWe/lIzy2NGz7iZkv9Zg8u8jONHA3vKExi5jszOx88u.WdhKoLv86');
INSERT INTO UserLogin values('16BLC1123','$2y$10$zUaRRPoAPuDBfLZfpt9rCujzebPcGqNSRlEQsmKglqdCC9VBFMR4O');
INSERT INTO UserLogin values('16BLC1124','$2y$10$uRfRfHJTndUIDD6EAW2qzOpdlFoD4686r9XrbsEQojtM59.0t4QDu');
INSERT INTO UserLogin values('16BLC1125','$2y$10$loHQyzowtyUOvYiMCOZG0O8po69kz64.ZyI7lzSflyrgWdLB2CEcO');
INSERT INTO UserLogin values('16BLC1126','$2y$10$67/oIH0irlPYABJ/TPvOtORTZnRy5qwaf/6iysRzSgQO8oTQuLHSu');
INSERT INTO UserLogin values('16BLC1127','$2y$10$g9kS3mKAkZRcf61N03OUR.L11Ieb9IypkBN2oW/mNmNg75P3AUkWO');
INSERT INTO UserLogin values('16BLC1128','$2y$10$JyDVI5A2y3hb/iN09zGEA.I6ocOf3mWsBljU3iuxKwDAJKqZxyhv6');
INSERT INTO UserLogin values('16BLC1129','$2y$10$O/3nfZ0fFi6mb2d0TYhmb.awXj0QpNA/QVpfaCU9iEkLmzx3kVd0C');
INSERT INTO UserLogin values('16BLC1130','$2y$10$Hy8vJXcyV88PcpFL8IB9Dub1gq9x0GI9IltrnnbyA2Ge1LdnXXRny');
INSERT INTO UserLogin values('16BLC1131','$2y$10$DJjZkHXSYffP53rLnjNMIOgZciTM4VGr8rdTnfmKRI/tgha/tGc2K');
INSERT INTO UserLogin values('16BLC1132','$2y$10$sC978Z8pFXEVVGZc1K/KV.L2muUCwBJOwf6Snt46Dvtk7iKXagxSm');
INSERT INTO UserLogin values('16BLC1133','$2y$10$ZbDg05YqE4QtCcwNQ9fwLOSDj0W8bYQWqvyy3dHb3fWQyrLpeUCw.');
INSERT INTO UserLogin values('16BLC1134','$2y$10$I3s8gvYAm7/tWS4opeoXzuplnDs7eeF.a8lB4guyN6lql4oIz1BwW');
INSERT INTO UserLogin values('16BLC1135','$2y$10$OH8X.3dMH0XIIMk0qHDOsu84EqJr2h7qL9llK5Mu0EgT7RLo/3rOS');
INSERT INTO UserLogin values('16BLC1136','$2y$10$.OBFhGdlcO4jy5dbtavOKujrc/Jlmdv5zQ2tcv.DbkaSPOOMB/KHi');
INSERT INTO UserLogin values('Vmart11','$2y$10$TiSzQquHpuW3az3hGJYUleyWnYwBhOELtNKNMvAptK0TBEcefoi7C');
INSERT INTO UserLogin values('Nightm12','$2y$10$YnJBCb6ooL32vYJeXow2LOOGwI2uTSzKP4e9FtTI1LHZVZ4Cw7Oo.');
INSERT INTO UserLogin values('CRCL13','$2y$10$hP9Vqm.HtxnlaZXyTX3qCeQlKPHR2UIy0YE0CALE1tPwItNFop3Em');
INSERT INTO UserLogin values('Pits14','$2y$10$Jk6hV.SFquk8k8pdZwicw.8fSWYMhsVko16s1kVkasPqAy6IIUpOy');
INSERT INTO UserLogin values('Gazebo15','$2y$10$hRT1Qxw2HGx/HY1PPzNm4ea4g4P5bjqDXqSlYzoESCJ8xAHwcRgeO');
INSERT INTO UserLogin values('VIT10','$2y$10$LC2VwjbuJARzimh2iIFdGuonl3udL/hJOjnhN/7UvixVoVoSD8uVm');




